MAC,Page Event
0000004B33E4,Tablets
0000004B33E4,Screen Cover
0000010B8228,Phone Head Set
0000010B8228,Smart Phones
000015976EFF,Phone Head Set
000015976EFF,Smart Phones
000002C0AA72,Head Phones
000003DF2EF3,Tablets
000003DF2EF3,Screen Cover
000015A83A38,Phone Head Set
000015A83A38,Smart Phones
00000252706B,Screen Cover
00000252706B,Tablets
0000007A64D3,Head Phones
000000C38CD2,Phone Head Set
000000C38CD2,Smart Phones
00000152D7BF,Head Phones
00000152D7BF,Memory Card
000000E298E6,Bluetooth Devices
000004DC8EC4,Phone Head Set
000004DC8EC4,Smart Phones
000015DA2391,Head Phones
00000505BAE1,Phone Head Set
00000505BAE1,Smart Phones
00000505BAE1,Bluetooth Devices
000000B5F863,Phone Head Set
000000B5F863,Smart Phones
000000B948C4,Bluetooth Devices
0000007A5DE3,Head Phones
0000007A5DE3,Memory Card
000000BF0098,Bluetooth Devices
000000BF0098,Tablets
000000BF0098,Screen Cover
000000BF0098,Chargers
000000BF0098,Phone Head Set
000000BF0098,Smart Phones
000000A04F54,Memory Card
000000A04F54,Bluetooth Devices
0000007B0672,Bluetooth Devices
000000AF3EA7,Tablets
000002A599CD,Phone Head Set
000000AF3EA7,Screen Cover
000002A599CD,Smart Phones
0000008543CC,Tablets
0000008543CC,Screen Cover
0000008543CC,Chargers
000040FFAD9B,Head Phones
0000048C46A2,Bluetooth Devices
000040FFAD9B,Screen Cover
000040FFAD9B,Chargers
000015ED25C0,Head Phones
000000E3C518,Phone Head Set
000000E3C518,Smart Phones
000041EE85AD,Bluetooth Devices
000041EE85AD,Mobile cover
00000010E872,Tablets
00000010E872,Screen Cover
00000010E872,Bluetooth Devices
00000010E872,Mobile cover
0000024F0533,Head Phones
000000E1A792,Phone Head Set
0000024F0533,Memory Card
000000E1A792,Smart Phones
00000257F9B7,Phone Head Set
00000257F9B7,Smart Phones
00000257F9B7,Tablets
00000257F9B7,Chargers
000000B96DB9,Head Phones
000000B96DB9,Memory Card
000002D0361F,Phone Head Set
00000257F9B7,Screen Cover
000001524FA1,Head Phones
000001524FA1,Memory Card
00000257F9B7,Bluetooth Devices
00000257F9B7,Mobile cover
000000E47FCB,Head Phones
000000E47FCB,Memory Card
00000075CEE3,Phone Head Set
00000075CEE3,Smart Phones
0000009899AC,Tablets
0000009F3079,Tablets
0000009F3079,Screen Cover
000000BB8284,Tablets
000000BB8284,Screen Cover
0000014605BA,Bluetooth Devices
0000014605BA,Phone Head Set
0000014605BA,Smart Phones
000000D03618,Phone Head Set
000000D03618,Smart Phones
000000FB7B3D,Tablets
000000FB7B3D,Chargers
00000009BDC8,Memory Card
00000009BDC8,Head Phones
0000007E5B7C,Phone Head Set
0000007E5B7C,Smart Phones
000000992DF1,Bluetooth Devices
000000992DF1,Mobile cover
00000154C45C,Bluetooth Devices
00004161D5B1,Tablets
00004161D5B1,Chargers
00004161D5B1,Screen Cover
00004161D5B1,Phone Head Set
00004161D5B1,Smart Phones
000000E437D6,Bluetooth Devices
000004F2644E,Tablets
000004F2644E,Screen Cover
000004F2644E,Chargers
000004F2644E,Head Phones
0000413963FE,Bluetooth Devices
0000027C398E,Bluetooth Devices
0000029F278D,Bluetooth Devices
0000029F278D,Screen Cover
0000029F278D,Tablets
0000001B9996,Head Phones
0000024CC41B,Head Phones
0000024CC41B,Memory Card
0000012472AA,Head Phones
000002B4851D,Tablets
000003E60861,Phone Head Set
000003E60861,Smart Phones
000003E60861,Tablets
000003E60861,Screen Cover
000001241EDD,Bluetooth Devices
0000009A8B46,Bluetooth Devices
000000BD404A,Tablets
0000009A8B46,Tablets
0000009A8B46,Chargers
00000023A3FE,Bluetooth Devices
0000412B4937,Head Phones
0000412548EE,Bluetooth Devices
0000412548EE,Mobile cover
2.80E+06,Tablets
2.80E+06,Screen Cover
2.80E+06,Phone Head Set
2.80E+06,Smart Phones
000015CD0D13,Memory Card
0000029E6488,Tablets
0000029E6488,Chargers
0000029E6488,Screen Cover
000015CD0D13,Bluetooth Devices
000015CD0D13,Mobile cover
0000029E6488,Phone Head Set
000001F99D93,Bluetooth Devices
0000029E6488,Smart Phones
0000004A3911,Phone Head Set
0000004A3911,Smart Phones
0000023AE4CC,Head Phones
0000023AE4CC,Memory Card
000000035A36,Phone Head Set
000000035A36,Smart Phones
000000E29CDF,Head Phones
000000E29CDF,Memory Card
000000C2CAE3,Head Phones
000000E44B7F,Bluetooth Devices
000000E44B7F,Mobile cover
0000036AD1B7,Phone Head Set
000000C2CAE3,Bluetooth Devices
000000C2CAE3,Mobile cover
0000002E8CF9,Tablets
0000002E8CF9,Phone Head Set
0000002E8CF9,Smart Phones
0000002E8CF9,Chargers
0000027B89C4,Phone Head Set
0000027B89C4,Smart Phones
000015D6009B,Bluetooth Devices
1488169,Head Phones
1488169,Memory Card
0000014E9900,Phone Head Set
0000014E9900,Smart Phones
000000B9678B,Phone Head Set
000000B9678B,Smart Phones
0000010455D7,Head Phones
0000010455D7,Memory Card
000000E28BDD,Phone Head Set
000000E28BDD,Smart Phones
00000285891A,Head Phones
000040C61D7C,Head Phones
000040C61D7C,Memory Card
000000BBA438,Head Phones
0000416208AF,Phone Head Set
0000416208AF,Smart Phones
000000E5658B,Phone Head Set
000000E5658B,Smart Phones
000000E342E6,Phone Head Set
000000E342E6,Smart Phones
000003964C0E,Phone Head Set
000003964C0E,Smart Phones
000000E342E6,Tablets
000000E88A62,Phone Head Set
000000E88A62,Smart Phones
000000B92B1B,Phone Head Set
000000B92B1B,Smart Phones
000015C8F659,Head Phones
000015C8F659,Memory Card
00000152C6C0,Phone Head Set
00000152C6C0,Smart Phones
000004D44BB3,Head Phones
000004D44BB3,Memory Card
0000008E365E,Bluetooth Devices
0000008E365E,Phone Head Set
0000008E365E,Smart Phones
000000E2A32D,Bluetooth Devices
000001236EA6,Phone Head Set
000013D2EEAE,Chargers
0000001194F4,Bluetooth Devices
00000271DCE6,Tablets
00000271DCE6,Chargers
00000271DCE6,Phone Head Set
000002B4851D,Phone Head Set
00000077D4A0,Phone Head Set
00000122BE5F,Head Phones
00000122BE5F,Memory Card
00000077D4A0,Smart Phones
1523669,Phone Head Set
1523669,Smart Phones
00000154BF5D,Head Phones
000040EF5A07,Bluetooth Devices
000015EBFC9D,Phone Head Set
000015EBFC9D,Smart Phones
000003C28FFA,Phone Head Set
0000008D959E,Bluetooth Devices
0000008D959E,Mobile cover
000003C28FFA,Tablets
000003C28FFA,Bluetooth Devices
00000005A3D6,Tablets
00000005A3D6,Chargers
00000005A3D6,Screen Cover
00000017215E,Tablets
00000017215E,Chargers
0000007CFEA0,Bluetooth Devices
0000007CFEA0,Mobile cover
000003892F6F,Tablets
000003892F6F,Bluetooth Devices
000003892F6F,Phone Head Set
00000145EE8B,Phone Head Set
00000145EE8B,Smart Phones
000003892F6F,Smart Phones
00000145EE8B,Tablets
00000145EE8B,Chargers
000003CC3AD9,Bluetooth Devices
00000145EE8B,Screen Cover
00000096D234,Tablets
000013D34713,Phone Head Set
000015C94BFD,Tablets
000015C94BFD,Chargers
000015C94BFD,Screen Cover
000002CB742B,Phone Head Set
000015C94BFD,Bluetooth Devices
000015C94BFD,Mobile cover
000002CB742B,Smart Phones
000041873D3F,Head Phones
000041873D3F,Memory Card
000000E128C6,Bluetooth Devices
0000004B33E4,Bluetooth Devices
000041F0EEBA,Phone Head Set
000041F0EEBA,Smart Phones
9.41E+03,Phone Head Set
9.41E+03,Smart Phones
00000153B7C7,Bluetooth Devices
00004145669F,Phone Head Set
00004145669F,Smart Phones
00000231D187,Tablets
00000231D187,Chargers
00000231D187,Screen Cover
00000231D187,Phone Head Set
00000231D187,Smart Phones
00000231D187,Bluetooth Devices
00000231D187,Mobile cover
000000FBF3FB,Head Phones
000000FBF3FB,Memory Card
000001460B34,Bluetooth Devices
000040EF5A07,Head Phones
000002360F01,Bluetooth Devices
2649711,Tablets
2649711,Chargers
2649711,Phone Head Set
2649711,Smart Phones
000000E3C9B5,Tablets
000000E3C9B5,Chargers
000000E3C9B5,Screen Cover
000003CA8D44,Phone Head Set
000003CA8D44,Smart Phones
000000BBAB79,Bluetooth Devices
000000BBAB79,Mobile cover
000041B7B78B,Head Phones
000041B7B78B,Memory Card
00000122A82C,Bluetooth Devices
00000122A82C,Screen Cover
0000026BAA63,Head Phones
0000026BAA63,Memory Card
000040FB684B,Phone Head Set
000040FB684B,Smart Phones
000040CA9852,Head Phones
000040CA9852,Memory Card
000000BF716F,Phone Head Set
000000BF716F,Smart Phones
000000BF716F,Bluetooth Devices
000000BF716F,Screen Cover
000000BF716F,Mobile cover
0000001C846F,Bluetooth Devices
0000039CA680,Phone Head Set
0000039CA680,Smart Phones
61195,Phone Head Set
61195,Smart Phones
0000013FC57A,Bluetooth Devices
0000001C846F,Mobile cover
000000E22792,Head Phones
0000025EB51F,Head Phones
0000025EB51F,Memory Card
000002AD28D6,Phone Head Set
000002AD28D6,Smart Phones
000002AD28D6,Tablets
000003F4AC83,Phone Head Set
000000B199EA,Bluetooth Devices
000003F4AC83,Smart Phones
000000B199EA,Screen Cover
000003F4AC83,Tablets
000003F4AC83,Chargers
000003F4AC83,Bluetooth Devices
000000BE61DC,Head Phones
000000BE61DC,Memory Card
000040DCCA25,Bluetooth Devices
000003F4AC83,Mobile cover
0000025313C4,Chargers
000000E4A7FE,Tablets
000000E4A7FE,Bluetooth Devices
000040CA8642,Bluetooth Devices
000040CA8642,Chargers
000000BCCB10,Head Phones
000000BCCB10,Memory Card
000002DF6CB8,Phone Head Set
000002DF6CB8,Smart Phones
000000B90ABB,Tablets
000000E1F4A2,Phone Head Set
000000E1F4A2,Smart Phones
000000116B0E,Tablets
000000116B0E,Bluetooth Devices
000000116B0E,Screen Cover
000002846F54,Bluetooth Devices
000000E26494,Phone Head Set
000000E26494,Smart Phones
00000388BAFA,Bluetooth Devices
00000388BAFA,Tablets
00000388BAFA,Chargers
00000388BAFA,Screen Cover
000001260D04,Head Phones
000001260D04,Memory Card
000041C97C53,Phone Head Set
000041C97C53,Smart Phones
000002AED770,Bluetooth Devices
000002AED770,Phone Head Set
000002AED770,Smart Phones
000002AED770,Tablets
000015EC6FFC,Phone Head Set
000002AED770,Chargers
000015EC6FFC,Smart Phones
000002AED770,Screen Cover
000000E2EB5E,Tablets
000000E2EB5E,Chargers
000041F18065,Head Phones
00000124D70F,Head Phones
00000124D70F,Memory Card
000000C7B27A,Bluetooth Devices
000000BB5FEB,Phone Head Set
000000BB5FEB,Smart Phones
00000265B0A8,Tablets
00000265B0A8,Screen Cover
000000E2EB5E,Bluetooth Devices
000004D1E6DB,Bluetooth Devices
000000E94DAC,Head Phones
000000E94DAC,Memory Card
000013BEE0E7,Phone Head Set
000013BEE0E7,Smart Phones
0000010B842F,Phone Head Set
0000010B842F,Smart Phones
000000E2D7D9,Chargers
000002BF228B,Phone Head Set
000002BF228B,Smart Phones
000002BF228B,Tablets
000002BF228B,Bluetooth Devices
000002BF228B,Mobile cover
000040D36204,Bluetooth Devices
000013D1D292,Phone Head Set
000013D1D292,Smart Phones
0000029B6E0B,Tablets
000000BB5842,Bluetooth Devices
000013F1B9D9,Head Phones
000013F1B9D9,Memory Card
0000000E1AAB,Bluetooth Devices
0000000E1AAB,Mobile cover
0000027A8AB4,Bluetooth Devices
0000027A8AB4,Tablets
0000027A8AB4,Phone Head Set
0000027A8AB4,Smart Phones
0000027507CA,Bluetooth Devices
000000C28D3B,Tablets
000000C28D3B,Screen Cover
000000C28D3B,Bluetooth Devices
000015EC6FFC,Chargers
000013F5931C,Bluetooth Devices
000013F5931C,Screen Cover
000013F5931C,Tablets
000015960F8F,Bluetooth Devices
000040C6144B,Phone Head Set
0000036B4424,Bluetooth Devices
0000036B4424,Mobile cover
0000026FC686,Head Phones
0000026FC686,Memory Card
0000036B4424,Screen Cover
000000E3AE12,Head Phones
000000E3AE12,Memory Card
00000122C02D,Head Phones
00000255E3A0,Head Phones
00000255E3A0,Memory Card
0000011FEC99,Head Phones
000013A8D8C7,Head Phones
000000E45392,Phone Head Set
000000E45392,Smart Phones
000000E4A954,Bluetooth Devices
000000BB5C25,Head Phones
000000BB5C25,Memory Card
179361,Tablets
179361,Screen Cover
179361,Phone Head Set
179361,Smart Phones
0000138EE875,Tablets
0000138EE875,Screen Cover
0000138EE875,Chargers
0000138EE875,Phone Head Set
0000138EE875,Smart Phones
3882028,Head Phones
3882028,Memory Card
41476194,Phone Head Set
41476194,Smart Phones
00000098A08E,Bluetooth Devices
0000027D6A33,Phone Head Set
0000027D6A33,Smart Phones
0000027D6A33,Tablets
0000027D6A33,Screen Cover
0000027D6A33,Chargers
000013A87CDA,Screen Cover
000013A87CDA,Chargers
000013A87CDA,Phone Head Set
000013A87CDA,Smart Phones
000015AFDBF8,Head Phones
000015AFDBF8,Memory Card
000013C2E6C1,Bluetooth Devices
000015ACEFC9,Phone Head Set
000015ACEFC9,Smart Phones
000015ACEFC9,Screen Cover
000015ACEFC9,Tablets
000015ACEFC9,Chargers
000015ACEFC9,Bluetooth Devices
000002BCCD52,Screen Cover
000002BCCD52,Tablets
000000E2513F,Bluetooth Devices
000000BC43F6,Phone Head Set
00000010E0C6,Bluetooth Devices
00000370A274,Head Phones
00000370A274,Memory Card
000000E57DD6,Phone Head Set
000013D15527,Head Phones
1.39E+10,Head Phones
000000E933C4,Phone Head Set
000000E933C4,Tablets
000000E933C4,Screen Cover
000000BA02D1,Head Phones
000000BA02D1,Memory Card
000000A2AF11,Head Phones
000000A2AF11,Bluetooth Devices
000000A2AF11,Mobile cover
000000BFDED1,Bluetooth Devices
0000007DD0B5,Bluetooth Devices
0000007DD0B5,Mobile cover
000000167A92,Phone Head Set
000000167A92,Smart Phones
1.53E+10,Phone Head Set
1.53E+10,Smart Phones
000001229F9F,Tablets
000001229F9F,Chargers
000001229F9F,Screen Cover
0000024DE8B2,Bluetooth Devices
0000013BD6C5,Head Phones
0000009A7A59,Phone Head Set
0000009A7A59,Smart Phones
000000E96D5E,Phone Head Set
000002C03BBA,Bluetooth Devices
000002C03BBA,Tablets
000002C03BBA,Chargers
000002C03BBA,Screen Cover
000002C03BBA,Phone Head Set
000002C03BBA,Smart Phones
000011D2EEAD,Bluetooth Devices
119876,Head Phones
0000024C7378,Bluetooth Devices
0000014371AB,Head Phones
0000014371AB,Memory Card
166463,Bluetooth Devices
000000BCBAEC,Bluetooth Devices
000000BCBAEC,Screen Cover
000041BA09A8,Bluetooth Devices
000041BA09A8,Mobile cover
000041BA09A8,Head Phones
000041BA09A8,Memory Card
00004113F0D9,Memory Card
000000A239CD,Phone Head Set
000000A239CD,Smart Phones
0000012506D5,Tablets
0000012506D5,Screen Cover
0000012506D5,Chargers
0000012506D5,Phone Head Set
0000012506D5,Smart Phones
0000007E09E3,Tablets
0000007E09E3,Screen Cover
0000007E09E3,Chargers
0000009923EF,Head Phones
0000009923EF,Memory Card
000002C297E0,Chargers
000002C297E0,Screen Cover
000002C297E0,Phone Head Set
000002C297E0,Smart Phones
000002C297E0,Tablets
00000099666B,Bluetooth Devices
000015AEF217,Bluetooth Devices
0000010078BB,Head Phones
0000010078BB,Memory Card
00001224AFB3,Phone Head Set
000001200D27,Phone Head Set
000015CCF3BE,Tablets
000015CCF3BE,Chargers
000000B893AB,Phone Head Set
000000B893AB,Smart Phones
0000001CC87F,Head Phones
0000001CC87F,Memory Card
000000E299A8,Head Phones
00000152DB11,Bluetooth Devices
000001204AE2,Screen Cover
000001204AE2,Chargers
000001204AE2,Phone Head Set
000001204AE2,Smart Phones
000001204AE2,Bluetooth Devices
41478695,Bluetooth Devices
00000076341A,Phone Head Set
00000076341A,Smart Phones
0000037409DF,Head Phones
0000037409DF,Memory Card
00001602DBE8,Phone Head Set
000041945F0B,Phone Head Set
000041945F0B,Smart Phones
000041945F0B,Bluetooth Devices
000000A1E1C3,Bluetooth Devices
00000149A05C,Bluetooth Devices
000000E49C25,Bluetooth Devices
0000027B772D,Head Phones
0000027B772D,Memory Card
297794,Tablets
297794,Chargers
297794,Phone Head Set
297794,Smart Phones
000000E3043C,Phone Head Set
000000E3043C,Smart Phones
0000014032F3,Chargers
000000C7059E,Tablets
000000C7059E,Screen Cover
000000C7059E,Chargers
000000C7059E,Bluetooth Devices
00000125F590,Memory Card
0000001C860A,Head Phones
0000001C860A,Memory Card
000003E9D072,Phone Head Set
000003E9D072,Smart Phones
7.45E+06,Bluetooth Devices
000040FA9248,Phone Head Set
0000035FCE29,Bluetooth Devices
0000014E9900,Bluetooth Devices
0000029ECF23,Bluetooth Devices
0000014E9900,Screen Cover
00000255B7DB,Head Phones
00000255B7DB,Memory Card
0000039CA680,Tablets
0000039CA680,Chargers
0000039CA680,Screen Cover
0000039CA680,Bluetooth Devices
000040FE321F,Bluetooth Devices
000040FE321F,Mobile cover
00000097C03A,Tablets
00000097C03A,Chargers
000000E4FFB1,Head Phones
0000014631FF,Head Phones
0000014631FF,Memory Card
000015CE3A62,Bluetooth Devices
000015CE3A62,Mobile cover
000000E31294,Phone Head Set
000000E31294,Smart Phones
000003F4DD95,Phone Head Set
000003F4DD95,Smart Phones
000041B99E2E,Phone Head Set
000041B99E2E,Smart Phones
000000BCEEE6,Phone Head Set
000000BCEEE6,Smart Phones
0000010B6EE8,Head Phones
00000142495D,Head Phones
00000142495D,Memory Card
00000074D6EF,Tablets
00000074D6EF,Chargers
00000074D6EF,Screen Cover
00000074D6EF,Phone Head Set
00000143670B,Phone Head Set
00000074D6EF,Smart Phones
00000074D6EF,Bluetooth Devices
000003BF2EAF,Phone Head Set
000003BF2EAF,Smart Phones
00000097AB85,Phone Head Set
00000097AB85,Smart Phones
000015D51F2A,Bluetooth Devices
000041E5F898,Bluetooth Devices
0000007A64D3,Memory Card
00000113D233,Phone Head Set
00000113D233,Smart Phones
00004115DE34,Phone Head Set
00004115DE34,Smart Phones
000041B8F35F,Phone Head Set
000041B8F35F,Smart Phones
00004115DE34,Tablets
00004115DE34,Chargers
000000EE565E,Head Phones
000000EE565E,Memory Card
00004115DE34,Bluetooth Devices
0000027507CA,Memory Card
000002CE8AFA,Phone Head Set
000002CE8AFA,Smart Phones
000000A14097,Phone Head Set
000000A14097,Smart Phones
000000A14097,Bluetooth Devices
000004DC8EC4,Tablets
000004DC8EC4,Screen Cover
0000010B9F26,Bluetooth Devices
000000B94329,Head Phones
000000B94329,Memory Card
000000B2FEEF,Bluetooth Devices
0000026BA7CA,Phone Head Set
0000026BA7CA,Smart Phones
000002A4C04A,Head Phones
000002A4C04A,Memory Card
000015D78E7C,Bluetooth Devices
000015D78E7C,Mobile cover
000013EFD98D,Phone Head Set
000013EFD98D,Smart Phones
000041ECA23E,Phone Head Set
000041ECA23E,Smart Phones
00000104BF65,Head Phones
00000104BF65,Memory Card
0000009287D7,Phone Head Set
0000009287D7,Smart Phones
000013A8D7B0,Phone Head Set
000015C86501,Phone Head Set
0000006D0B08,Phone Head Set
0000006D0B08,Smart Phones
0000006D0B08,Tablets
0000006D0B08,Screen Cover
0000006D0B08,Chargers
0000006D0B08,Bluetooth Devices
0000003C34B8,Bluetooth Devices
0000003C34B8,Screen Cover
0000027C3D73,Head Phones
0000027C3D73,Phone Head Set
0000159D95F7,Head Phones
0000159D95F7,Memory Card
0000027C3D73,Bluetooth Devices
000002A83DDF,Tablets
000002A83DDF,Screen Cover
000002A83DDF,Chargers
000001F9E129,Phone Head Set
000004DC9E06,Head Phones
000004DC9E06,Memory Card
000001F9E129,Smart Phones
000013A1FDAD,Head Phones
000013A1FDAD,Memory Card
000002CD1AEE,Head Phones
000002CD1AEE,Memory Card
0000418530C5,Screen Cover
0000418530C5,Bluetooth Devices
00000002BF82,Bluetooth Devices
000000E3C9B5,Phone Head Set
000000E3C9B5,Smart Phones
0000002BB320,Chargers
228036,Head Phones
228036,Memory Card
0000002BB320,Phone Head Set
0000002BB320,Smart Phones
00000122C02D,Memory Card
000000BBAF65,Head Phones
000000BBAF65,Memory Card
000000E453B8,Head Phones
000000E8B96D,Bluetooth Devices
0000009F0311,Memory Card
0000009F0311,Head Phones
993964,Bluetooth Devices
0000014AE00B,Bluetooth Devices
00004146EF15,Head Phones
0000014AE00B,Tablets
0000014AE00B,Screen Cover
0000014AE00B,Chargers
00000115F2D9,Bluetooth Devices
2702242,Phone Head Set
2702242,Smart Phones
00000230466B,Tablets
00000230466B,Chargers
00000230466B,Screen Cover
000000A22E16,Screen Cover
000003E60304,Head Phones
000003E60304,Memory Card
00000265C7C5,Screen Cover
0000029BEB47,Bluetooth Devices
00000039314C,Head Phones
0000027B4B4D,Phone Head Set
0000027B4B4D,Smart Phones
0000014885F9,Chargers
0000412B495E,Head Phones
0000002F4BAE,Chargers
0000002F4BAE,Screen Cover
0000002F4BAE,Bluetooth Devices
000000E1F2F1,Chargers
000000E1F2F1,Screen Cover
000000E1F2F1,Bluetooth Devices
0000024C7FDF,Phone Head Set
0000024C7FDF,Smart Phones
0000024C7FDF,Bluetooth Devices
000041A062B5,Phone Head Set
000041A062B5,Smart Phones
00000262C898,Bluetooth Devices
00000262C898,Screen Cover
000000A1790D,Tablets
000000A1790D,Chargers
00000262C898,Mobile cover
000000E92F3B,Bluetooth Devices
000040DE2AA2,Head Phones
000040DE2AA2,Memory Card
13998861,Phone Head Set
000003899AE6,Bluetooth Devices
13998861,Smart Phones
0000024CA1FC,Memory Card
000000A2AF7A,Phone Head Set
000041915DBC,Phone Head Set
000041915DBC,Smart Phones
000041EFC7A9,Phone Head Set
0000024E933D,Head Phones
0000024E933D,Memory Card
00000122703A,Head Phones
00000122703A,Memory Card
00000122703A,Chargers
00000020F11C,Tablets
00000020F11C,Screen Cover
00000122703A,Phone Head Set
0000009F98F8,Phone Head Set
0000009F98F8,Smart Phones
000002556D78,Head Phones
000002556D78,Memory Card
000002C60ADB,Bluetooth Devices
000041873EE9,Head Phones
000041873EE9,Memory Card
000040C4C926,Tablets
000040C4C926,Screen Cover
000040C4C926,Chargers
000040C64ACC,Screen Cover
000040C64ACC,Chargers
00001391CC36,Phone Head Set
00001391CC36,Smart Phones
0000010B6A43,Head Phones
000002BCC073,Phone Head Set
000000D9A703,Screen Cover
0000024E9D50,Bluetooth Devices
167852,Bluetooth Devices
167852,Mobile cover
000004DC4F76,Bluetooth Devices
000041A14832,Screen Cover
000041A14832,Phone Head Set
000041A14832,Smart Phones
000041A14832,Tablets
000041A14832,Chargers
0000027B6938,Phone Head Set
0000027B6938,Smart Phones
000000A2CE59,Bluetooth Devices
000002E364D2,Tablets
0000027046EF,Bluetooth Devices
0000027046EF,Mobile cover
0000418718A3,Phone Head Set
000001FD4BAE,Phone Head Set
000001FD4BAE,Smart Phones
000001FD4BAE,Tablets
000001FD4BAE,Chargers
000001FD4BAE,Screen Cover
000001FD4BAE,Bluetooth Devices
000000E4A91F,Phone Head Set
0000415ACADA,Phone Head Set
0000415ACADA,Smart Phones
00000501BC06,Phone Head Set
000000BBB2F3,Phone Head Set
0000035FE8C1,Bluetooth Devices
000000BBB2F3,Smart Phones
000040C61D79,Phone Head Set
000040C61D79,Smart Phones
000000E2C799,Head Phones
00000090A811,Phone Head Set
00000090A811,Smart Phones
00000000BF99,Phone Head Set
00000000BF99,Smart Phones
000002CB742B,Bluetooth Devices
000000BD367A,Phone Head Set
000000BD367A,Smart Phones
000000E2C799,Bluetooth Devices
000002CB911E,Bluetooth Devices
0000015244C7,Phone Head Set
000000E567AE,Phone Head Set
000000E567AE,Smart Phones
000000AEDE11,Phone Head Set
000013A015D9,Tablets
000013A015D9,Screen Cover
000013A015D9,Chargers
0000029EDF61,Bluetooth Devices
0000029EDF61,Tablets
00000103BF77,Phone Head Set
00000103BF77,Smart Phones
00001605FDAB,Bluetooth Devices
00001605FDAB,Tablets
00001605FDAB,Screen Cover
00001605FDAB,Phone Head Set
00001605FDAB,Smart Phones
16045306,Head Phones
16045306,Memory Card
000000E161D0,Bluetooth Devices
000000E161D0,Phone Head Set
000000E161D0,Smart Phones
0000039B78DB,Phone Head Set
0000039B78DB,Smart Phones
000000E161D0,Tablets
000000E161D0,Chargers
000000E44B7F,Tablets
000000E44B7F,Screen Cover
00000505E8E5,Head Phones
00000505E8E5,Memory Card
000015C1ABC9,Head Phones
000015C1ABC9,Memory Card
000015FE2CC9,Head Phones
000015FE2CC9,Memory Card
000003A93134,Phone Head Set
000000E876CA,Bluetooth Devices
000000AFF7F9,Phone Head Set
000000AFF7F9,Smart Phones
0000001650ED,Tablets
0000001650ED,Chargers
0000001650ED,Screen Cover
0000001650ED,Bluetooth Devices
000000E3C98B,Tablets
000000E3C98B,Screen Cover
000003A93134,Smart Phones
000002B4022A,Phone Head Set
000002B4022A,Smart Phones
00001597D6DE,Head Phones
00001597D6DE,Memory Card
000040C4B5C4,Bluetooth Devices
00000015DCA1,Phone Head Set
00000015DCA1,Smart Phones
000002764A42,Bluetooth Devices
000002764A42,Mobile cover
000000216CC3,Screen Cover
000000216CC3,Chargers
000000216CC3,Bluetooth Devices
00000149384D,Bluetooth Devices
0000009B6BE5,Phone Head Set
0000009B6BE5,Smart Phones
0000159B3545,Bluetooth Devices
000040C4C9EF,Phone Head Set
0000159B3545,Screen Cover
000040C4C9EF,Smart Phones
000000AC9C4E,Head Phones
000000AC9C4E,Memory Card
000003BEB21A,Bluetooth Devices
000003BEB21A,Mobile cover
000015D70263,Head Phones
000015D70263,Memory Card
000041A3A547,Phone Head Set
000041A3A547,Smart Phones
000000E32B83,Phone Head Set
000000E32B83,Smart Phones
000040FB45DC,Phone Head Set
000015A82B38,Bluetooth Devices
000004D285BE,Phone Head Set
000004D285BE,Smart Phones
000004D285BE,Tablets
000004D285BE,Chargers
000004DCAA15,Bluetooth Devices
000000996E8B,Phone Head Set
000000996E8B,Smart Phones
000003F4C43B,Head Phones
000003F4C43B,Memory Card
000000B90ABC,Bluetooth Devices
0000009E9B56,Head Phones
0000009E9B56,Memory Card
0000027507CA,Mobile cover
000013B756D0,Bluetooth Devices
00000091A28B,Tablets
00000287A39A,Tablets
000000D7BBD6,Phone Head Set
0000160635B2,Head Phones
0000160635B2,Memory Card
000004AEE244,Head Phones
000004AEE244,Memory Card
0000008D959E,Phone Head Set
0000008D959E,Smart Phones
000000BCCB10,Tablets
000000BCCB10,Screen Cover
00000103BF77,Bluetooth Devices
0000000E258C,Phone Head Set
0000000E258C,Smart Phones
000041B43173,Head Phones
1.60E+12,Tablets
1.60E+12,Screen Cover
1.60E+12,Bluetooth Devices
1.60E+12,Mobile cover
0000003D7C0E,Tablets
0000003D7C0E,Screen Cover
00000023B131,Bluetooth Devices
00000023B131,Mobile cover
000004D737AB,Bluetooth Devices
000004D737AB,Tablets
000004D737AB,Chargers
000041CD50F1,Tablets
000041CD50F1,Screen Cover
000041CD50F1,Chargers
00000275D8BA,Bluetooth Devices
0000001C88AD,Head Phones
0000001C88AD,Memory Card
000000A60055,Phone Head Set
000000A60055,Smart Phones
000041A53F98,Phone Head Set
000041A53F98,Smart Phones
000000A60055,Bluetooth Devices
000041A53F98,Bluetooth Devices
000041A53F98,Mobile cover
000041469F89,Tablets
000041469F89,Phone Head Set
0000029F3C1D,Head Phones
000000E55F7B,Tablets
000000E55F7B,Chargers
000001416DC1,Tablets
000001416DC1,Chargers
1408514,Screen Cover
1408514,Tablets
1408514,Chargers
1408514,Bluetooth Devices
00000391EE16,Bluetooth Devices
00000391EE16,Mobile cover
00000142FA2F,Phone Head Set
1235021,Phone Head Set
00000142FA2F,Smart Phones
00000270F9D0,Phone Head Set
00000270F9D0,Smart Phones
00000140255D,Head Phones
00000140255D,Memory Card
0000029E9A7E,Phone Head Set
0000029E9A7E,Smart Phones
0000013F199A,Phone Head Set
000000AEDC5C,Head Phones
000000AEDC5C,Memory Card
000015EC6DD8,Tablets
000041B99C63,Phone Head Set
000041B99C63,Smart Phones
000000A00342,Tablets
000000A00342,Chargers
000000A00342,Bluetooth Devices
000000A00342,Phone Head Set
000000A00342,Smart Phones
000002AE16B5,Phone Head Set
000002AE16B5,Smart Phones
000041205E0A,Head Phones
000041205E0A,Memory Card
000041205E0A,Bluetooth Devices
0000024CB676,Bluetooth Devices
000000E1E01F,Bluetooth Devices
000015CA5661,Bluetooth Devices
000003819F8D,Bluetooth Devices
41847527,Phone Head Set
41847527,Smart Phones
41847527,Tablets
0000029E3E97,Phone Head Set
0000029E3E97,Smart Phones
0000026BAB16,Bluetooth Devices
000002E33E58,Head Phones
000002E33E58,Memory Card
000000BCDE01,Head Phones
000000BCDE01,Memory Card
00001605F64A,Head Phones
00001605F64A,Memory Card
000040C4D222,Bluetooth Devices
00000017B7A2,Phone Head Set
00000017B7A2,Smart Phones
00000017B7A2,Tablets
00000017B7A2,Chargers
000000E6213F,Phone Head Set
000000E6213F,Smart Phones
000002CB2194,Head Phones
000002CB2194,Memory Card
000003A8DD12,Head Phones
000000B904F2,Head Phones
000000B904F2,Memory Card
000002B4851D,Head Phones
000002B4851D,Screen Cover
000004E41176,Head Phones
000000E1BFD2,Bluetooth Devices
000000E1BFD2,Mobile cover
000003E85EBD,Tablets
000003E85EBD,Bluetooth Devices
000000BBAFA0,Head Phones
000000BBAFA0,Memory Card
000000BBB17D,Bluetooth Devices
000004DA75A0,Tablets
000004DA75A0,Chargers
000004DA75A0,Screen Cover
0000029F4E37,Head Phones
0000029F4E37,Memory Card
000041A3A547,Bluetooth Devices
00000103C292,Tablets
00000103C292,Bluetooth Devices
1.81E+67,Chargers
00000032AC17,Phone Head Set
00000032AC17,Smart Phones
000041153CC1,Phone Head Set
000041153CC1,Smart Phones
000000C5350A,Head Phones
00000103C292,Chargers
00000152DE7F,Screen Cover
000015D6B837,Tablets
000015D6B837,Screen Cover
000015D6B837,Chargers
000015D6B837,Phone Head Set
000015D6B837,Smart Phones
00000122BF7E,Phone Head Set
000000E2D017,Tablets
000000E2D017,Chargers
000001525A07,Bluetooth Devices
000000C362E5,Tablets
000000C362E5,Chargers
000000947BCB,Tablets
000000947BCB,Chargers
000000C362E5,Bluetooth Devices
000000C362E5,Mobile cover
000000947BCB,Bluetooth Devices
00000152AADC,Phone Head Set
00000152AADC,Smart Phones
000004D80C64,Phone Head Set
000004D80C64,Smart Phones
000041E2372E,Head Phones
000013D4BB4B,Chargers
00000027AF12,Phone Head Set
000002E3664F,Chargers
00000027AF12,Smart Phones
000013D4BB4B,Screen Cover
000013D4BB4B,Phone Head Set
000013D4BB4B,Smart Phones
000013D4BB4B,Bluetooth Devices
000013D4BB4B,Mobile cover
000013760D2C,Bluetooth Devices
000000E5193D,Phone Head Set
000000E5193D,Smart Phones
00000107E1B8,Bluetooth Devices
000000B93C78,Phone Head Set
1408514,Phone Head Set
1408514,Smart Phones
000002D51FC2,Head Phones
000002D51FC2,Memory Card
00000114BFCB,Phone Head Set
00000114BFCB,Smart Phones
0000009A0440,Head Phones
0000009A0440,Memory Card
000000947BCB,Phone Head Set
000000947BCB,Smart Phones
000000947BCB,Screen Cover
000001429CB0,Phone Head Set
000001429CB0,Tablets
000000E43766,Head Phones
000000E44D26,Bluetooth Devices
000000E44D26,Mobile cover
000015B799C2,Bluetooth Devices
000003BF2B29,Phone Head Set
000003BF2B29,Smart Phones
000015D7B1F9,Head Phones
000015D7B1F9,Phone Head Set
000015D7B1F9,Smart Phones
000015FE5BA8,Head Phones
000015FE5BA8,Memory Card
0000007EBC3C,Head Phones
0000009BA5CF,Bluetooth Devices
0000009BA5CF,Memory Card
0000013EF4D9,Head Phones
0000013EF4D9,Memory Card
000015FECDF4,Memory Card
000040E13525,Head Phones
00000382DBAC,Bluetooth Devices
000000BC1501,Tablets
000000BC1501,Screen Cover
00001225EED4,Chargers
0000029B7702,Memory Card
1425827,Bluetooth Devices
1425827,Mobile cover
000040F018F5,Phone Head Set
000040F018F5,Smart Phones
0000004B33C4,Screen Cover
0000004B33C4,Chargers
000001038F2B,Phone Head Set
000001038F2B,Smart Phones
00000122A262,Head Phones
000001038F2B,Bluetooth Devices
0000006EB820,Tablets
0000006EB820,Screen Cover
000002B95548,Phone Head Set
000002B95548,Smart Phones
0000006EB7C9,Phone Head Set
0000006EB7C9,Smart Phones
000003F6349F,Phone Head Set
000003F6349F,Smart Phones
0000006B0B6D,Bluetooth Devices
0000049BF5A8,Tablets
0000049BF5A8,Screen Cover
0000049BF5A8,Chargers
000013D364DD,Phone Head Set
000002DBDE76,Tablets
000002DBDE76,Chargers
000013C07D5D,Phone Head Set
000013C07D5D,Smart Phones
000000E969CD,Tablets
000000E969CD,Screen Cover
000000E969CD,Phone Head Set
000000E969CD,Smart Phones
1.00E+96,Head Phones
1.00E+96,Memory Card
00004108172E,Tablets
389007,Bluetooth Devices
389007,Mobile cover
000002C71C82,Head Phones
000002C71C82,Memory Card
000004D0C54B,Head Phones
0000029F3772,Phone Head Set
0000029F3772,Smart Phones
103940,Phone Head Set
103940,Smart Phones
103940,Tablets
000041F0E111,Phone Head Set
000041F0E111,Smart Phones
00000104C057,Head Phones
00000104C057,Memory Card
000000BECE39,Phone Head Set
000000BECE39,Smart Phones
00004184DD5D,Head Phones
00004184DD5D,Memory Card
000000064D96,Tablets
000000064D96,Screen Cover
000000A2AB48,Bluetooth Devices
000000A2AB48,Tablets
000000A2AB48,Chargers
000015DB75AD,Bluetooth Devices
000000A2AB48,Screen Cover
000000A2AB48,Mobile cover
000002750C7E,Head Phones
000002750C7E,Memory Card
0000014645FA,Head Phones
2.51E+37,Head Phones
2.51E+37,Memory Card
0000025DEE49,Phone Head Set
000015CE3B1B,Tablets
000015CE3B1B,Chargers
000015CE3B1B,Phone Head Set
000015CE3B1B,Smart Phones
000000BCBEEF,Chargers
000000BCBEEF,Bluetooth Devices
000000BCBEEF,Screen Cover
00000280957C,Phone Head Set
000000E4D6A4,Bluetooth Devices
000000E4B8DC,Phone Head Set
000000E4D6A4,Mobile cover
000041915DBC,Tablets
000041915DBC,Screen Cover
000004A10589,Phone Head Set
000004A10589,Smart Phones
000004A10589,Tablets
000004A10589,Chargers
00000361E2B2,Memory Card
00000140377D,Bluetooth Devices
0000004AA957,Phone Head Set
0000004AA957,Smart Phones
000000E1F5F0,Phone Head Set
0000029E43B5,Tablets
0000029E43B5,Chargers
000000E1F5F0,Smart Phones
0000029E43B5,Bluetooth Devices
0000029E43B5,Mobile cover
000003EFAB06,Tablets
000003EFAB06,Chargers
0000009688A6,Chargers
0000008F9BB5,Bluetooth Devices
0000008F9BB5,Tablets
0000008F9BB5,Screen Cover
0000008F9BB5,Chargers
000002C95595,Phone Head Set
0000008F9BB5,Phone Head Set
0000008F9BB5,Smart Phones
000002C95595,Bluetooth Devices
00000154C45C,Head Phones
00000092263E,Phone Head Set
00000092263E,Smart Phones
000003B19808,Phone Head Set
000003B19808,Smart Phones
000003B19808,Tablets
000003B19808,Chargers
000003B19808,Screen Cover
00000141748A,Bluetooth Devices
0000007B0A58,Bluetooth Devices
000002C330A5,Phone Head Set
000002C330A5,Smart Phones
000003929E7A,Bluetooth Devices
0000024D5E2D,Head Phones
0000024D5E2D,Memory Card
000015BB2EFB,Head Phones
000015BB2EFB,Memory Card
000000E968DD,Head Phones
000000E968DD,Memory Card
0000012DA8FF,Bluetooth Devices
000003EFAB06,Screen Cover
000003EFAB06,Bluetooth Devices
000003EFAB06,Mobile cover
0000027507CA,Tablets
0000027507CA,Screen Cover
0000027507CA,Chargers
000000E4B8DC,Head Phones
00000021BE26,Memory Card
000000913A16,Phone Head Set
000000913A16,Smart Phones
000002C67A61,Head Phones
0000008FFDDA,Bluetooth Devices
000001524B62,Phone Head Set
000001524B62,Smart Phones
000041A06D9C,Head Phones
00000048CF4E,Phone Head Set
00000048CF4E,Smart Phones
000041B99C63,Chargers
0000014CE826,Phone Head Set
0000014CE826,Smart Phones
0000025EB629,Head Phones
00000122BE78,Phone Head Set
00000122BE78,Smart Phones
00000122BE78,Tablets
00000122BE78,Chargers
00000122BE78,Screen Cover
0000009FAF82,Bluetooth Devices
0000009FAF82,Mobile cover
00000122BE78,Head Phones
00000122BE78,Bluetooth Devices
000000E43A5B,Tablets
000000E43A5B,Screen Cover
000000E43A5B,Chargers
00000282975C,Bluetooth Devices
00000282975C,Mobile cover
00000384BD35,Head Phones
00000384BD35,Memory Card
00000360CA99,Bluetooth Devices
000000E2FF60,Phone Head Set
000000E2FF60,Smart Phones
000040D73B4D,Bluetooth Devices
000040D73B4D,Mobile cover
000040D73B4D,Tablets
000003ED3BFD,Head Phones
000003ED3BFD,Memory Card
0000004AB451,Phone Head Set
0000027B89C4,Tablets
0000027B89C4,Chargers
0000004AB451,Smart Phones
0000027B89C4,Bluetooth Devices
0000013FBAA6,Phone Head Set
000004D736C9,Phone Head Set
000004D736C9,Smart Phones
000000E88F5D,Bluetooth Devices
000000E4342C,Phone Head Set
000000E4342C,Smart Phones
0000004A3911,Tablets
0000004A3911,Screen Cover
0000004A3911,Chargers
000000E92E58,Phone Head Set
000000E92E58,Smart Phones
000000E92E58,Tablets
000000E92E58,Screen Cover
000000E92E58,Chargers
000000E38EC8,Head Phones
0000001613C7,Head Phones
0000001613C7,Memory Card
0000025F0EC5,Phone Head Set
000000B8C9F0,Phone Head Set
0000009B1693,Tablets
0000009B1693,Screen Cover
000000746B8F,Tablets
000000746B8F,Chargers
0000000892D3,Screen Cover
0000000892D3,Chargers
000000A170A3,Bluetooth Devices
000000A170A3,Tablets
000000A170A3,Screen Cover
000003E60320,Head Phones
000013EFB378,Tablets
000013EFB378,Screen Cover
000013EFB378,Bluetooth Devices
000013A9847E,Phone Head Set
000013A9847E,Smart Phones
000000B7582F,Tablets
000000B7582F,Screen Cover
000000B7582F,Chargers
000004F2644E,Phone Head Set
000000E2F1BD,Phone Head Set
000004F2644E,Smart Phones
000000B7582F,Phone Head Set
000000B7582F,Smart Phones
000000E2F1BD,Smart Phones
0000008E8E0E,Bluetooth Devices
000015F2612D,Head Phones
000015F2612D,Memory Card
000000E92411,Bluetooth Devices
000000E92411,Mobile cover
00001597D6DE,Bluetooth Devices
00001597D6DE,Mobile cover
000013EC0E55,Head Phones
000002B95697,Screen Cover
000002B95697,Tablets
000002B95697,Chargers
000002B95697,Bluetooth Devices
000002B95697,Mobile cover
000041B418AC,Head Phones
000013C7B435,Phone Head Set
000040E6DA56,Phone Head Set
00000494B841,Bluetooth Devices
3740912,Bluetooth Devices
3740912,Screen Cover
000004DA7583,Tablets
000004DA7583,Screen Cover
000041F181FF,Bluetooth Devices
000003AE2386,Tablets
000000BC44B7,Bluetooth Devices
0000049E9FB1,Head Phones
0000049E9FB1,Memory Card
00000128D753,Bluetooth Devices
00000128D753,Phone Head Set
00000128D753,Smart Phones
2320857,Bluetooth Devices
000003CBF9B7,Head Phones
000003CBF9B7,Memory Card
000003CBF9B7,Phone Head Set
00000018EB53,Head Phones
00000018EB53,Memory Card
0000009FDF6C,Head Phones
0000009FDF6C,Memory Card
0000001613C7,Tablets
0000001613C7,Chargers
000003C15BA8,Memory Card
00000104A7F2,Bluetooth Devices
00000104A7F2,Mobile cover
2532933,Phone Head Set
2532933,Smart Phones
000015B7B548,Phone Head Set
000012489BFC,Tablets
0000010C8511,Head Phones
0000010C8511,Memory Card
000015EC6342,Head Phones
0000025694CA,Bluetooth Devices
0000025694CA,Screen Cover
000015FA4468,Bluetooth Devices
000000102F4B,Screen Cover
000000102F4B,Chargers
000000AFF8FA,Phone Head Set
000000AFF8FA,Smart Phones
000040E16632,Bluetooth Devices
000041915DBC,Chargers
000041915DBC,Bluetooth Devices
1.60E+12,Chargers
000003AED112,Phone Head Set
000003AED112,Smart Phones
000005049F87,Tablets
000005049F87,Chargers
0000003E787D,Bluetooth Devices
0000003E787D,Screen Cover
000000BBD04F,Tablets
000041B7BFEC,Phone Head Set
000000BBD04F,Head Phones
0000008E28E2,Head Phones
0000008E28E2,Memory Card
000015D69BB6,Head Phones
000015D69BB6,Memory Card
00000077D4A0,Head Phones
00000077D4A0,Memory Card
000000E221B3,Head Phones
0000003E86B5,Head Phones
0000007EB7BF,Phone Head Set
000041B7B7CA,Head Phones
000041B7B7CA,Memory Card
0000024D0AB6,Tablets
0000024D0AB6,Chargers
00000146218D,Bluetooth Devices
00000146218D,Screen Cover
000000BE93B5,Phone Head Set
000000BE93B5,Smart Phones
0000013E60AF,Head Phones
0000013E60AF,Memory Card
0000001214D9,Bluetooth Devices
0000001214D9,Tablets
00001607117D,Phone Head Set
00001607117D,Smart Phones
00001607117D,Tablets
00001607117D,Screen Cover
00001607117D,Chargers
00001607117D,Bluetooth Devices
00001607117D,Mobile cover
000015EC6179,Head Phones
000001312E0D,Head Phones
000001312E0D,Memory Card
0000023AEFE3,Phone Head Set
000011D62C31,Phone Head Set
000011D62C31,Smart Phones
000041F04891,Head Phones
000000B9343A,Phone Head Set
00000044EDEA,Head Phones
000003ED7D39,Phone Head Set
000003ED7D39,Smart Phones
000000E484AE,Bluetooth Devices
0000025D4E2F,Bluetooth Devices
0000025D4E2F,Mobile cover
00000235A5B2,Phone Head Set
00000235A5B2,Smart Phones
0000415CA118,Head Phones
000003593D2E,Bluetooth Devices
000015CA56A3,Phone Head Set
000040D73B4D,Head Phones
000040D73B4D,Memory Card
000002326C86,Bluetooth Devices
000041F048A5,Bluetooth Devices
0000009A064B,Bluetooth Devices
000000E2433B,Bluetooth Devices
0000035B398D,Phone Head Set
0000035B398D,Smart Phones
0000009F674C,Bluetooth Devices
0000009F674C,Mobile cover
000000A1F201,Phone Head Set
000000A1F201,Smart Phones
00000494C76C,Bluetooth Devices
000041F307C0,Tablets
000041F307C0,Screen Cover
00000236C834,Tablets
00000236C834,Screen Cover
000041EFCF11,Tablets
000041EFCF11,Chargers
16072349,Bluetooth Devices
000041EFCF11,Phone Head Set
000041EFCF11,Smart Phones
000041EFCF11,Bluetooth Devices
000000085E8D,Bluetooth Devices
000041A6B6E9,Tablets
000041A6B6E9,Chargers
000041A6B6E9,Phone Head Set
000041A6B6E9,Smart Phones
000000E2C279,Bluetooth Devices
0000026B86AB,Screen Cover
000000A2AF11,Screen Cover
00000236C834,Phone Head Set
00000236C834,Bluetooth Devices
0000009B1DC1,Phone Head Set
0000009B1DC1,Smart Phones
000003E4D1ED,Bluetooth Devices
000003E4D1ED,Screen Cover
000000102AA9,Chargers
00000233C767,Phone Head Set
000001242DDF,Bluetooth Devices
0000012315BB,Tablets
0000012315BB,Screen Cover
000003F4427E,Head Phones
000003F4427E,Memory Card
000003E84576,Tablets
000003E84576,Chargers
000000BA6F46,Tablets
000000BA6F46,Screen Cover
000000BA6F46,Chargers
000003F4BE80,Head Phones
000004F588E6,Bluetooth Devices
0000418FF00D,Phone Head Set
000000DDD335,Phone Head Set
000000DDD335,Smart Phones
000000947CFC,Bluetooth Devices
0000010AFC33,Head Phones
0000010AFC33,Memory Card
000003ED3CB6,Bluetooth Devices
000013F00F68,Head Phones
000013F00F68,Memory Card
000002585FA0,Bluetooth Devices
0000012604EA,Head Phones
000000E59F47,Phone Head Set
000000E59F47,Smart Phones
000000E59F47,Tablets
000000E59F47,Screen Cover
0000029F10CF,Bluetooth Devices
0000029F10CF,Phone Head Set
0000029F10CF,Smart Phones
0000029F10CF,Tablets
0000029F10CF,Screen Cover
000040C4B5C4,Screen Cover
0000001C82CB,Phone Head Set
0000001C82CB,Smart Phones
000000E41811,Tablets
000000E41811,Screen Cover
000013A87115,Head Phones
00000505BD69,Phone Head Set
00000505BD69,Smart Phones
000000B2DD6F,Bluetooth Devices
000000E1C90F,Head Phones
000000BB6D07,Tablets
000000BB6D07,Screen Cover
000000101EC7,Phone Head Set
000000101EC7,Smart Phones
000002C330E7,Phone Head Set
000002C330E7,Smart Phones
000002C330E7,Tablets
000002C330E7,Screen Cover
000000BE81A4,Phone Head Set
000000BE81A4,Smart Phones
000011D59D3F,Head Phones
000011D59D3F,Memory Card
00000010497E,Head Phones
000000E4BDDE,Head Phones
000000E8C643,Head Phones
000000E8C643,Memory Card
00000148FCE0,Tablets
00000148FCE0,Screen Cover
00000148FCE0,Phone Head Set
00000148FCE0,Smart Phones
00000148FCE0,Chargers
000015CA56B9,Head Phones
000015CA56B9,Memory Card
00000257FB7F,Bluetooth Devices
000000A58528,Head Phones
000013A8D2C7,Bluetooth Devices
00000011AA07,Head Phones
00000011AA07,Memory Card
0000006BBB0D,Phone Head Set
0000006BBB0D,Smart Phones
00000080B4AC,Memory Card
00000038E4E5,Head Phones
0000159B56D9,Phone Head Set
0000159B56D9,Smart Phones
0000013AE341,Tablets
0000013AE341,Screen Cover
0000013AE341,Chargers
00000255B178,Tablets
00000255B178,Chargers
00000255B178,Screen Cover
2320857,Head Phones
000000F1F37E,Bluetooth Devices
000000A4CF28,Tablets
000000A4CF28,Chargers
000000A4CF28,Screen Cover
000000E454AE,Chargers
000000A4CF28,Phone Head Set
000000A4CF28,Smart Phones
00000148B66B,Chargers
00000148B66B,Phone Head Set
00000148B66B,Smart Phones
000040FE41D2,Bluetooth Devices
000040FE41D2,Mobile cover
000001071C65,Head Phones
0000035FC8DE,Tablets
0000035FC8DE,Phone Head Set
0000035FC8DE,Smart Phones
0000035FC8DE,Chargers
1247261,Screen Cover
000000260E7E,Chargers
00001605FDAB,Chargers
00000014C2A9,Phone Head Set
00004187399A,Tablets
00004187399A,Chargers
00004187399A,Screen Cover
00004187399A,Phone Head Set
000004D69B79,Tablets
00004187399A,Smart Phones
000003F4DDDC,Tablets
000003F4DDDC,Screen Cover
000000E41811,Chargers
000000A050B6,Phone Head Set
000000A050B6,Smart Phones
000000BA3CE9,Head Phones
000000BA3CE9,Memory Card
000003DCCA1D,Bluetooth Devices
000003DCCA1D,Chargers
000003DCCA1D,Tablets
0000025B49C6,Bluetooth Devices
000013CCFE06,Tablets
000013CCFE06,Chargers
0000027C3F22,Bluetooth Devices
0000027C3F22,Mobile cover
00001594EF9C,Tablets
00001594EF9C,Phone Head Set
000013CCFE06,Screen Cover
000000E2D967,Bluetooth Devices
000013E7C9F5,Bluetooth Devices
000000BB7990,Screen Cover
00000252688A,Tablets
00000252688A,Screen Cover
00000252688A,Chargers
00000252688A,Bluetooth Devices
00004187236A,Phone Head Set
00004187236A,Smart Phones
000013767A38,Phone Head Set
000002815DA2,Bluetooth Devices
000002815DA2,Tablets
000002815DA2,Screen Cover
000013767A38,Smart Phones
000002815DA2,Chargers
000004DC67E2,Head Phones
000004DC67E2,Memory Card
000000E4943F,Screen Cover
0000002585DA,Head Phones
0000002585DA,Memory Card
000000948B3C,Bluetooth Devices
000000948B3C,Mobile cover
000015FBCD10,Tablets
000015FBCD10,Screen Cover
00000015C885,Bluetooth Devices
00004156BBF9,Tablets
00000090ADD5,Bluetooth Devices
0000004ADC61,Bluetooth Devices
00000115E19C,Tablets
00000115E19C,Screen Cover
00000115E19C,Chargers
000000D3CBD6,Head Phones
000000D3CBD6,Memory Card
000000E41955,Tablets
000000E41955,Screen Cover
000041B7B95F,Head Phones
000041B7B95F,Memory Card
000040D3E36B,Head Phones
000040D3E36B,Memory Card
000000A05787,Phone Head Set
000000A05787,Smart Phones
000000A05787,Tablets
000000A05787,Chargers
000000116B0E,Mobile cover
00000126410D,Screen Cover
000013F3D742,Head Phones
000013F3D742,Memory Card
000000E3D374,Tablets
000000E3D374,Screen Cover
000000E3D374,Chargers
000002D1A3C3,Head Phones
000002D1A3C3,Memory Card
000000B9556A,Tablets
000000B9556A,Screen Cover
000000B9556A,Chargers
000002700A94,Head Phones
000002700A94,Memory Card
00000236C834,Head Phones
0000007B4E4E,Memory Card
000003C50BCC,Bluetooth Devices
00000021AB39,Tablets
00000021AB39,Screen Cover
00000021AB39,Chargers
00004146ED78,Head Phones
00004146ED78,Memory Card
0000007B465B,Screen Cover
915108,Head Phones
915108,Memory Card
0000414A1AD6,Head Phones
000003CC0AD1,Screen Cover
000003CC0AD1,Chargers
0000008E8B59,Head Phones
0000008E8B59,Memory Card
000041B90A62,Tablets
000041B90A62,Screen Cover
000002D13D7A,Bluetooth Devices
000015D5F898,Phone Head Set
000015D5F898,Smart Phones
000002D13D7A,Screen Cover
000002D13D7A,Tablets
000015E3686C,Head Phones
00000001038C,Tablets
00000001038C,Chargers
00000001038C,Screen Cover
0000000AD133,Phone Head Set
000003C2F773,Bluetooth Devices
0000011FDC5F,Head Phones
3762473,Phone Head Set
3762473,Smart Phones
00000091295A,Head Phones
00000091295A,Memory Card
000000A2CDD2,Memory Card
000002C6ACCC,Head Phones
000002C6ACCC,Memory Card
000041FFBC93,Phone Head Set
000041FFBC93,Smart Phones
000002B95644,Tablets
000002B95644,Bluetooth Devices
000002B95644,Screen Cover
000000E43C7F,Bluetooth Devices
000013E7C7C8,Bluetooth Devices
000002DE870D,Head Phones
000002DE870D,Memory Card
0000416F07B7,Bluetooth Devices
0000013CC26B,Chargers
0000013CC26B,Screen Cover
0000013CC26B,Bluetooth Devices
0000013CC26B,Phone Head Set
000002A5259B,Screen Cover
000002A5259B,Chargers
0000013CC26B,Smart Phones
000002A5259B,Tablets
0000013CC26B,Tablets
0000013CC26B,Head Phones
0000014028D7,Head Phones
0000014028D7,Memory Card
000003C871BE,Tablets
000003C871BE,Bluetooth Devices
00000142602D,Screen Cover
00000142602D,Tablets
00000142602D,Chargers
00000236C834,Mobile cover
000000FBD90A,Phone Head Set
000000FBD90A,Smart Phones
000000E4CE5A,Head Phones
000000FBD90A,Bluetooth Devices
000000A71CF8,Tablets
000000A71CF8,Screen Cover
000000BCF009,Phone Head Set
0000024D0203,Bluetooth Devices
000003964B81,Head Phones
000000E9300F,Phone Head Set
000000E9300F,Smart Phones
0000024CB0D2,Phone Head Set
000001253A5D,Tablets
000001253A5D,Screen Cover
000001253A5D,Chargers
00000074486B,Head Phones
0000025283A5,Bluetooth Devices
0000025283A5,Mobile cover
000002A3D943,Bluetooth Devices
000000182BDA,Memory Card
000000E934E4,Tablets
000000E934E4,Screen Cover
000000E934E4,Chargers
41393356,Bluetooth Devices
000000BC31D1,Tablets
000000BC31D1,Screen Cover
000000E2D081,Phone Head Set
000000E2D081,Smart Phones
0000008FFDBB,Head Phones
0000008FFDBB,Memory Card
000000BBA7F8,Phone Head Set
000000BBA7F8,Smart Phones
000000E82AA0,Bluetooth Devices
000000E82AA0,Mobile cover
000000E82AA0,Tablets
000000E82AA0,Chargers
000003BEB21A,Screen Cover
000003BEB21A,Chargers
000003BEB21A,Tablets
000040D4C9B2,Tablets
000041E5FC48,Tablets
000041E5FC48,Screen Cover
13904684,Bluetooth Devices
13904684,Mobile cover
000000E2F486,Head Phones
000000E2F486,Memory Card
000000A60CB8,Head Phones
000000BBA7F8,Tablets
000000BBA7F8,Chargers
000000BBA7F8,Bluetooth Devices
000000BBA7F8,Mobile cover
0000049E54DF,Phone Head Set
000000C1629F,Bluetooth Devices
000000C1629F,Tablets
0000025D3EB4,Screen Cover
0000025D3EB4,Chargers
0000025D3EB4,Tablets
2551366,Head Phones
2551366,Memory Card
000000FBE830,Tablets
000000FBE830,Chargers
000000FBE830,Phone Head Set
000000FBE830,Smart Phones
000015FECDF4,Tablets
000015FECDF4,Chargers
000015FECDF4,Screen Cover
0000014AE0F5,Phone Head Set
0000014AE0F5,Smart Phones
0000014AE0F5,Memory Card
000000E88B2D,Phone Head Set
000000E88B2D,Smart Phones
00004185E9A2,Head Phones
00004185E9A2,Memory Card
00001602BBE8,Bluetooth Devices
0000003E787D,Phone Head Set
0000003E787D,Smart Phones
0000002B804D,Tablets
0000002B804D,Screen Cover
000002BFA9EC,Head Phones
000002BFA9EC,Memory Card
000001517A01,Bluetooth Devices
000001517A01,Screen Cover
000002BFA9EC,Phone Head Set
000002BFA9EC,Bluetooth Devices
00001605FF5B,Head Phones
00001605FF5B,Memory Card
000000BC1C31,Phone Head Set
000000BC1C31,Smart Phones
000041069B84,Phone Head Set
000041069B84,Tablets
000041069B84,Screen Cover
000041069B84,Chargers
000002CAE0E8,Head Phones
0000007E09E3,Phone Head Set
0000007E09E3,Smart Phones
000000E5FA8E,Head Phones
0000007E09E3,Bluetooth Devices
00000236C834,Memory Card
00000236C834,Chargers
000002814B1A,Head Phones
000002D43B97,Tablets
000002D43B97,Chargers
00000257F2D9,Bluetooth Devices
